"Période du ",,8/1/14,"au",,,10/31/14,,,,,,,,,,
,"Catégorie objets","Déposés",,,,"Restitués Perdants",,,"Taux",,,"Restitués Inventeurs",,,"Taux",
,,"I","NI","TOTAL","% TOTAL","I","NI","TOTAL","I","NI","Taux restitution total","I","NI","TOTAL","I","NI"
"PIÈCES IDENTIFIEES",,9018,2761,11779,24.8360638455,3404,161,3565,37.75%,5.83%,30.27%,0,0,,0.00%,0.00%
"PORTEFEUILLE",,4555,4371,8926,18.820503089,3029,323,3352,66.50%,7.39%,37.55%,0,0,,0.00%,0.00%
"DIVERS",,40,3436,3476,7.3291584962,20,161,181,50.00%,4.69%,5.21%,0,0,,0.00%,0.00%
"TÉLÉPHONIE",,2,2555,2557,5.3914436924,0,226,226,0.00%,8.85%,8.84%,0,0,,0.00%,0.00%
"OPTIQUE",,1,2050,2051,4.3245408733,1,39,40,100.00%,1.90%,1.95%,0,0,,0.00%,0.00%
"SAC LOISIRS",,343,1563,1906,4.0188078521,221,202,423,64.43%,12.92%,22.19%,0,1,,0.00%,0.06%
"SAC A COURSE",,168,1653,1821,3.8395850465,89,87,176,52.98%,5.26%,9.67%,0,0,,0.00%,0.00%
"DOCUMENTS DIVERS",,669,1010,1679,3.540177536,298,46,344,44.54%,4.55%,20.49%,0,0,,0.00%,0.00%
"DIVERSES PIECES IDENTIFIEES",,457,1090,1547,3.2618550615,191,28,219,41.79%,2.57%,14.16%,0,0,,0.00%,0.00%
"SACOCHE",,559,714,1273,2.6841250764,400,95,495,71.56%,13.31%,38.88%,1,0,,0.18%,0.00%
"PORTE MONNAIE",,195,702,897,1.8913277247,113,27,140,57.95%,3.85%,15.61%,0,0,,0.00%,0.00%
"PARAPLUIE",,1,866,867,1.8280726169,0,5,5,0.00%,0.58%,0.58%,0,0,,0.00%,0.00%
"PIÈCES BANCAIRES",,208,650,858,1.8090960845,42,16,58,20.19%,2.46%,6.76%,0,0,,0.00%,0.00%
"ACCESSOIRES VESTIMENTAIRES",,0,703,703,1.4822780273,0,9,9,,1.28%,1.28%,0,0,,,0.00%
"CARTABLE",,387,265,652,1.3747443439,182,32,214,47.03%,12.08%,32.82%,0,0,,0.00%,0.00%
"VETEMENTS HAUTS",,0,558,558,1.176545006,0,4,4,,0.72%,0.72%,0,0,,,0.00%
"CARTES DE TRANSPORT",,99,457,556,1.1723279988,42,6,48,42.42%,1.31%,8.63%,0,0,,0.00%,0.00%
"BIJOU DE MAIN",,1,531,532,1.1217239125,0,8,8,0.00%,1.51%,1.50%,0,0,,0.00%,0.00%
"VETEMENTS",,6,427,433,0.9129820566,4,13,17,66.67%,3.04%,3.93%,0,0,,0.00%,0.00%
"MANTEAU",,11,410,421,0.8876800135,6,15,21,54.55%,3.66%,4.99%,0,0,,0.00%,0.00%
"SAC DE VOYAGE",,65,309,374,0.7885803445,41,64,105,63.08%,20.71%,28.07%,0,0,,0.00%,0.00%
"INFORMATIQUE",,6,366,372,0.7843633373,5,55,60,83.33%,15.03%,16.13%,0,0,,0.00%,0.00%
"MONTRE",,0,357,357,0.7527357834,0,9,9,,2.52%,2.52%,0,0,,,0.00%
"COUVRE-CHEF",,0,337,337,0.7105657115,0,4,4,,1.19%,1.19%,0,0,,,0.00%
"LIVRE",,9,262,271,0.5714044742,4,2,6,44.44%,0.76%,2.21%,0,0,,0.00%,0.00%
"MÉDICAL",,48,217,265,0.5587534527,15,24,39,31.25%,11.06%,14.72%,0,0,,0.00%,0.00%
"SPORT",,1,201,202,0.4259177262,0,10,10,0.00%,4.98%,4.95%,0,0,,0.00%,0.00%
"PHOTO",,3,190,193,0.4069411938,2,9,11,66.67%,4.74%,5.70%,0,0,,0.00%,0.00%
"VETEMENTS DE SPORT",,1,157,158,0.333143568,0,1,1,0.00%,0.64%,0.63%,0,0,,0.00%,0.00%
"ACCESSOIRES INFORMATIQUES",,1,155,156,0.3289265608,0,1,1,0.00%,0.65%,0.64%,0,0,,0.00%,0.00%
"DOCUMENTS ET ACCES. SCOLAIRES",,43,90,133,0.2804309781,4,3,7,9.30%,3.33%,5.26%,0,0,,0.00%,0.00%
"DEVISES",,0,132,132,0.2783224745,0,1,1,,0.76%,0.76%,0,0,,,0.00%
"JOUET",,0,121,121,0.255128935,0,1,1,,0.83%,0.83%,0,0,,,0.00%
"BIJOU DIVERS",,0,121,121,0.255128935,0,0,0,,0.00%,0.00%,0,0,,,0.00%
"BIJOU DE COU",,0,116,116,0.244586417,0,2,2,,1.72%,1.72%,0,0,,,0.00%
"ACCESSOIRES AUDIO",,0,105,105,0.2213928775,0,1,1,,0.95%,0.95%,0,0,,,0.00%
"AUDIO",,0,99,99,0.2087418559,0,3,3,,3.03%,3.03%,0,0,,,0.00%
"COSMÉTIQUE",,5,82,87,0.1834398128,4,6,10,80.00%,7.32%,11.49%,0,0,,0.00%,0.00%
"ACCESSOIRES TELEPHONIES",,1,72,73,0.1539207624,0,0,0,0.00%,0.00%,0.00%,0,0,,0.00%,0.00%
"VIDÉO",,0,57,57,0.1201847049,0,5,5,,8.77%,8.77%,0,0,,,0.00%
"PUÉRICULTURE",,1,53,54,0.1138591941,0,2,2,0.00%,3.77%,3.70%,0,0,,0.00%,0.00%
"ACCESSOIRES PHOTOS",,1,45,46,0.0969911654,0,2,2,0.00%,4.44%,4.35%,0,0,,0.00%,0.00%
"ACCESSOIRES OPTIQUES",,1,33,34,0.0716891222,0,0,0,0.00%,0.00%,0.00%,0,0,,0.00%,0.00%
"ACCESSOIRES VIDEO",,0,26,26,0.0548210935,0,0,0,,0.00%,0.00%,0,0,,,0.00%
"LINGE DE MAISON",,0,23,23,0.0484955827,0,0,0,,0.00%,0.00%,0,0,,,0.00%
"INSTRUMENT DE MUSIQUE",,0,12,12,0.0253020431,0,2,2,,16.67%,16.67%,0,0,,,0.00%
"ACCESSOIRES DE MUSIQUE",,0,11,11,0.0231935395,0,1,1,,9.09%,9.09%,0,0,,,0.00%
"Total",,16906,30521,47427,100,8117,1711,9828,48.01%,5.61%,20.72%,1,1,0,0.01%,0.00%
,,,,0,,,,,,,,,,,,
,"Catégorie objets","Déposés",,,,"Restitués Perdants",,,"Taux",,,"Restitués Inventeurs",,,"Taux",
,,"I","NI","TOTAL","%TOTAL","I","NI","TOTAL","I","NI","Taux restitution total","I","NI","TOTAL","I","NI"
"AUTRES PORTEFEUILLE","Portefeuilles et clés",4,0,4,0.0084340144,4,0,4,100.00%,,100.00%,0,0,,0.00%,
"SAXO / TROMPETTE / CLARINETTE","Autres",0,1,1,0.0021085036,0,1,1,,100.00%,100.00%,0,0,,,0.00%
"PORTE-CHEQUIER","Portefeuilles et clés",10,0,10,0.0210850359,8,0,8,80.00%,,80.00%,0,0,,0.00%,
"TITRE DE SÉJOUR","Cartes et documents",583,40,623,1.3135977397,308,4,312,52.83%,10.00%,50.08%,0,0,,0.00%,0.00%
"AUTRES SACOCHE","Sacs",9,10,19,0.0400615683,8,1,9,88.89%,10.00%,47.37%,1,0,,11.11%,0.00%
"POCHETTE HOMME","Sacs",13,6,19,0.0400615683,8,1,9,61.54%,16.67%,47.37%,0,0,,0.00%,0.00%
"CARTE FAMILLE NOMBREUSE SNCF","Cartes et documents",83,3,86,0.1813313092,39,0,39,46.99%,0.00%,45.35%,0,0,,0.00%,0.00%
"PORTEFEUILLE","Portefeuilles et clés",3347,2282,5629,11.8687667362,2297,181,2478,68.63%,7.93%,44.02%,0,0,,0.00%,0.00%
"AUTRES  CARTABLE","Sacs",7,7,14,0.0295190503,5,1,6,71.43%,14.29%,42.86%,0,0,,0.00%,0.00%
"SACOCHE","Sacs",294,335,629,1.3262487613,212,54,266,72.11%,16.12%,42.29%,0,0,,0.00%,0.00%
"CARTE GRISE","Cartes et documents",407,26,433,0.9129820566,179,2,181,43.98%,7.69%,41.80%,0,0,,0.00%,0.00%
"ATTACHE CASE / MALETTE","Sacs",6,16,22,0.0463870791,5,3,8,83.33%,18.75%,36.36%,0,0,,0.00%,0.00%
"SAC A MAIN","Sacs",232,343,575,1.2123895671,166,36,202,71.55%,10.50%,35.13%,0,0,,0.00%,0.00%
"AUTRES SAC DE VOYAGE","Sacs",7,22,29,0.0611466043,4,6,10,57.14%,27.27%,34.48%,0,0,,0.00%,0.00%
"PORTE DOCUMENT / POCHETTE","Sacs",370,198,568,1.197630042,170,21,191,45.95%,10.61%,33.63%,0,0,,0.00%,0.00%
"POCHETTE / ÉTUI","Sacs",742,806,1548,3.2639635651,460,59,519,61.99%,7.32%,33.53%,0,0,,0.00%,0.00%
"AUTRES PIÈCES  IDENTIFIÉES","Cartes et documents",1229,885,2114,4.4573765998,649,45,694,52.81%,5.08%,32.83%,0,0,,0.00%,0.00%
"CARTE IDENTITE","Cartes et documents",5440,627,6067,12.7922913109,1827,46,1873,33.58%,7.34%,30.87%,0,0,,0.00%,0.00%
"VALISE","Sacs",33,171,204,0.4301347334,22,40,62,66.67%,23.39%,30.39%,0,0,,0.00%,0.00%
"BANANE","Sacs",11,20,31,0.0653636114,6,3,9,54.55%,15.00%,29.03%,0,0,,0.00%,0.00%
"AGENDA / REPERTOIRE","Portefeuilles et clés",17,44,61,0.1286187193,13,4,17,76.47%,9.09%,27.87%,0,0,,0.00%,0.00%
"ORDINATEUR PORTABLE","High Tech, vidéo, musique",4,124,128,0.2698884602,3,31,34,75.00%,25.00%,26.56%,0,0,,0.00%,0.00%
"CHÉQUIER","Portefeuilles et clés",133,10,143,0.3015160141,34,2,36,25.56%,20.00%,25.17%,0,0,,0.00%,0.00%
"AUTRES PORTE MONNAIE","Portefeuilles et clés",1,3,4,0.0084340144,1,0,1,100.00%,0.00%,25.00%,0,0,,0.00%,0.00%
"BOURSE","Portefeuilles et clés",1,3,4,0.0084340144,1,0,1,100.00%,0.00%,25.00%,0,0,,0.00%,0.00%
"DIPLÔME","Cartes et documents",1,3,4,0.0084340144,1,0,1,100.00%,0.00%,25.00%,0,0,,0.00%,0.00%
"SAC DE VOYAGE","Sacs",25,104,129,0.2719969638,15,17,32,60.00%,16.35%,24.81%,0,0,,0.00%,0.00%
"PASSEPORT","Cartes et documents",911,786,1697,3.5781306007,360,49,409,39.52%,6.23%,24.10%,0,0,,0.00%,0.00%
"SAC A DOS","Sacs",259,1047,1306,2.7537056951,170,144,314,65.64%,13.75%,24.04%,0,1,,0.00%,0.10%
"CARTABLE D'ÉCOLIER","Sacs",3,18,21,0.0442785755,2,3,5,66.67%,16.67%,23.81%,0,0,,0.00%,0.00%
"AUTRES DOCUMENTS DIVERS","Cartes et documents",544,711,1255,2.6461720117,257,35,292,47.24%,4.92%,23.27%,0,0,,0.00%,0.00%
"SAC DE SPORT","Sacs",7,82,89,0.18765682,7,13,20,100.00%,15.85%,22.47%,0,0,,0.00%,0.00%
"ENVELOPPES","Cartes et documents",101,33,134,0.2825394817,27,3,30,26.73%,9.09%,22.39%,0,0,,0.00%,0.00%
"AUTRES COSMÉTIQUE","Autres",0,9,9,0.0189765324,0,2,2,,22.22%,22.22%,0,0,,,0.00%
"ORDONNANCE / RADIOGRAPHIE","Cartes et documents",35,79,114,0.2403694098,11,14,25,31.43%,17.72%,21.93%,0,0,,0.00%,0.00%
"PERMIS DE CONDUIRE","Cartes et documents",855,423,1278,2.6946675944,260,17,277,30.41%,4.02%,21.67%,0,0,,0.00%,0.00%
"AUTRES SAC A COURSE","Sacs",14,97,111,0.234043899,10,13,23,71.43%,13.40%,20.72%,0,0,,0.00%,0.00%
"AUTRES INSTRUMENTS DE MUSIQUE","Autres",0,5,5,0.010542518,0,1,1,,20.00%,20.00%,0,0,,,0.00%
"PORTE-CARTE","Cartes et documents",452,1283,1735,3.6582537373,260,83,343,57.52%,6.47%,19.77%,0,0,,0.00%,0.00%
"LIVRE ELECTRONIQUE","High Tech, vidéo, musique",0,16,16,0.0337360575,0,3,3,,18.75%,18.75%,0,0,,,0.00%
"AUTRES SAC LOISIRS","Sacs",77,423,500,1.0542517975,44,45,89,57.14%,10.64%,17.80%,0,0,,0.00%,0.00%
"CLASSEUR","Cartes et documents",9,8,17,0.0358445611,2,1,3,22.22%,12.50%,17.65%,0,0,,0.00%,0.00%
"RAQUETTE","Autres",0,25,25,0.0527125899,0,4,4,,16.00%,16.00%,0,0,,,0.00%
"PORTE-MONNAIE","Portefeuilles et clés",193,695,888,1.8723511924,111,27,138,57.51%,3.88%,15.54%,0,0,,0.00%,0.00%
"CARTON A DESSIN","Autres",1,26,27,0.0569295971,0,4,4,0.00%,15.38%,14.81%,0,0,,0.00%,0.00%
"TROUSSE DE TOILETTE","Sacs",1,20,21,0.0442785755,1,2,3,100.00%,10.00%,14.29%,0,0,,0.00%,0.00%
"AUTRES MÉDICAL","Autres",9,44,53,0.1117506905,3,4,7,33.33%,9.09%,13.21%,0,0,,0.00%,0.00%
"CABAS","Sacs",30,217,247,0.520800388,19,12,31,63.33%,5.53%,12.55%,0,0,,0.00%,0.00%
"AUTRES ACCESSOIRES  DE MUSIQUE","Autres",0,9,9,0.0189765324,0,1,1,,11.11%,11.11%,0,0,,,0.00%
"AUTRES VETEMENTS HAUTS","Vêtements",0,9,9,0.0189765324,0,1,1,,11.11%,11.11%,0,0,,,0.00%
"MAGNETOSCOPE / LECTEUR DVD","High Tech, vidéo, musique",0,9,9,0.0189765324,0,1,1,,11.11%,11.11%,0,0,,,0.00%
"VANITY CASE","Sacs",1,8,9,0.0189765324,1,0,1,100.00%,0.00%,11.11%,0,0,,0.00%,0.00%
"CONSOLE DE JEUX VIDÉO","High Tech, vidéo, musique",0,28,28,0.0590381007,0,3,3,,10.71%,10.71%,0,0,,,0.00%
"CADDIE","Sacs",5,80,85,0.1792228056,3,6,9,60.00%,7.50%,10.59%,0,0,,0.00%,0.00%
"TABLETTES NUMÉRIQUES","High Tech, vidéo, musique",1,207,208,0.4385687478,1,21,22,100.00%,10.14%,10.58%,0,0,,0.00%,0.00%
"SAC PAPIER","Sacs",20,300,320,0.6747211504,10,23,33,50.00%,7.67%,10.31%,0,0,,0.00%,0.00%
"CHÉQUE","Cartes et documents",63,15,78,0.1644632804,7,1,8,11.11%,6.67%,10.26%,0,0,,0.00%,0.00%
"HOUSSE A VÊTEMENT","Vêtements",0,10,10,0.0210850359,0,1,1,,10.00%,10.00%,0,0,,,0.00%
"TÉLÉPHONE PORTABLE","High Tech, vidéo, musique",2,2529,2531,5.3366225989,0,226,226,0.00%,8.94%,8.93%,0,0,,0.00%,0.00%
"TROUSSE DE MAQUILLAGE","Sacs",3,43,46,0.0969911654,2,2,4,66.67%,4.65%,8.70%,0,0,,0.00%,0.00%
"AUTRES  INFORMATIQUE","High Tech, vidéo, musique",1,11,12,0.0253020431,1,0,1,100.00%,0.00%,8.33%,0,0,,0.00%,0.00%
"CANNE / BÉQUILLE","Autres",0,64,64,0.1349442301,0,5,5,,7.81%,7.81%,0,0,,,0.00%
"IMPERMÉABLE","Vêtements",1,25,26,0.0548210935,1,1,2,100.00%,4.00%,7.69%,0,0,,0.00%,0.00%
"PHOTOS / POSTERS / CADRES","Autres",0,26,26,0.0548210935,0,2,2,,7.69%,7.69%,0,0,,,0.00%
"SAC PLASTIQUE","Sacs",99,959,1058,2.2307968035,47,33,80,47.47%,3.44%,7.56%,0,0,,0.00%,0.00%
"LIVRET DE FAMILLE","Cartes et documents",10,96,106,0.2235013811,5,3,8,50.00%,3.13%,7.55%,0,0,,0.00%,0.00%
"CARTE PROFESSIONNELLE","Cartes et documents",11,123,134,0.2825394817,3,7,10,27.27%,5.69%,7.46%,0,0,,0.00%,0.00%
"AUTRES DIVERS","Autres",28,370,398,0.8391844308,16,13,29,57.14%,3.51%,7.29%,0,0,,0.00%,0.00%
"AUTRES DOCS ET ACCES. SCOLAIRE","Cartes et documents",20,22,42,0.088557151,2,1,3,10.00%,4.55%,7.14%,0,0,,0.00%,0.00%
"PROTHESES","Autres",0,14,14,0.0295190503,0,1,1,,7.14%,7.14%,0,0,,,0.00%
"APPAREIL PHOTO","High Tech, vidéo, musique",3,183,186,0.3921816687,2,9,11,66.67%,4.92%,5.91%,0,0,,0.00%,0.00%
"CAMÉSCOPE / CAMERA","High Tech, vidéo, musique",0,17,17,0.0358445611,0,1,1,,5.88%,5.88%,0,0,,,0.00%
"DISQUE (VINYL / CD)","High Tech, vidéo, musique",0,17,17,0.0358445611,0,1,1,,5.88%,5.88%,0,0,,,0.00%
"CHAUSSURES / BOTTES","Vêtements",0,107,107,0.2256098847,0,6,6,,5.61%,5.61%,0,0,,,0.00%
"POUSSETTE","Autres",0,37,37,0.078014633,0,2,2,,5.41%,5.41%,0,0,,,0.00%
"CARTE IMAGINE R","Cartes et documents",13,63,76,0.1602462732,2,2,4,15.38%,3.17%,5.26%,0,0,,0.00%,0.00%
"BLOUSON","Vêtements",10,276,286,0.6030320282,5,10,15,50.00%,3.62%,5.24%,0,0,,0.00%,0.00%
"CLEF","Portefeuilles et clés",11,2967,2978,6.2791237059,4,147,151,36.36%,4.95%,5.07%,0,0,,0.00%,0.00%
"MANTEAU","Vêtements",0,80,80,0.1686802876,0,4,4,,5.00%,5.00%,0,0,,,0.00%
"MÉDICAMENT","Autres",4,16,20,0.0421700719,1,0,1,25.00%,0.00%,5.00%,0,0,,0.00%,0.00%
"CASQUE","Accessoires",0,63,63,0.1328357265,0,3,3,,4.76%,4.76%,0,0,,,0.00%
"VESTE","Vêtements",6,359,365,0.7696038122,4,12,16,66.67%,3.34%,4.38%,0,0,,0.00%,0.00%
"AUTRES  LIVRES","Autres",4,68,72,0.1518122588,3,0,3,75.00%,0.00%,4.17%,0,0,,0.00%,0.00%
"AUTRES PIECES BANCAIRES","Cartes et documents",8,65,73,0.1539207624,0,3,3,0.00%,4.62%,4.11%,0,0,,0.00%,0.00%
"MP3","High Tech, vidéo, musique",0,73,73,0.1539207624,0,3,3,,4.11%,4.11%,0,0,,,0.00%
"ALLIANCE","Accessoires",0,25,25,0.0527125899,0,1,1,,4.00%,4.00%,0,0,,,0.00%
"COLLIER","Accessoires",0,57,57,0.1201847049,0,2,2,,3.51%,3.51%,0,0,,,0.00%
"CHAPEAU","Accessoires",0,97,97,0.2045248487,0,3,3,,3.09%,3.09%,0,0,,,0.00%
"AUTRES  VÊTEMENT","Vêtements",0,34,34,0.0716891222,0,1,1,,2.94%,2.94%,0,0,,,0.00%
"BIP","Portefeuilles et clés",0,34,34,0.0716891222,0,1,1,,2.94%,2.94%,0,0,,,0.00%
"AUTRES  SPORT","Autres",1,111,112,0.2361524026,0,3,3,0.00%,2.70%,2.68%,0,0,,0.00%,0.00%
"MONTRE BRACELET","Accessoires",0,351,351,0.7400847618,0,9,9,,2.56%,2.56%,0,0,,,0.00%
"CARTE VITALE","Cartes et documents",3,535,538,1.1343749341,0,13,13,0.00%,2.43%,2.42%,0,0,,0.00%,0.00%
"LUNETTES DE VUE","Accessoires",1,1431,1432,3.019377148,1,32,33,100.00%,2.24%,2.30%,0,0,,0.00%,0.00%
"TROUSSE D'ÉCOLIER","Autres",0,46,46,0.0969911654,0,1,1,,2.17%,2.17%,0,0,,,0.00%
"CARTE SCOLAIRE / D'ETUDIANT","Cartes et documents",26,310,336,0.7084572079,4,3,7,15.38%,0.97%,2.08%,0,0,,0.00%,0.00%
"CARTE BANCAIRE","Cartes et documents",3,552,555,1.1702194952,1,10,11,33.33%,1.81%,1.98%,0,0,,0.00%,0.00%
"CARTE PASS NAVIGO","Cartes et documents",0,216,216,0.4554367765,0,4,4,,1.85%,1.85%,0,0,,,0.00%
"BADGE","Portefeuilles et clés",3,216,219,0.4617622873,0,4,4,0.00%,1.85%,1.83%,0,0,,0.00%,0.00%
"LIVRE / ROMAN","Autres",4,186,190,0.400615683,1,2,3,25.00%,1.08%,1.58%,0,0,,0.00%,0.00%
"BRACELET / GOURMETTE","Accessoires",0,344,344,0.7253252367,0,5,5,,1.45%,1.45%,0,0,,,0.00%
"BAGUE","Accessoires",1,154,155,0.3268180572,0,2,2,0.00%,1.30%,1.29%,0,0,,0.00%,0.00%
"PELUCHE / POUPÉE","Autres",0,79,79,0.166571784,0,1,1,,1.27%,1.27%,0,0,,,0.00%
"CLE USB","High Tech, vidéo, musique",0,85,85,0.1792228056,0,1,1,,1.18%,1.18%,0,0,,,0.00%
"LUNETTES DE SOLEIL","Accessoires",0,614,614,1.2946212073,0,7,7,,1.14%,1.14%,0,0,,,0.00%
"SWEAT SHIRT","Vêtements",0,94,94,0.1981993379,0,1,1,,1.06%,1.06%,0,0,,,0.00%
"PARAPLUIE CHAMBERLAIN","Accessoires",0,325,325,0.6852636684,0,3,3,,0.92%,0.92%,0,0,,,0.00%
"BILLET","Cartes et documents",0,121,121,0.255128935,0,1,1,,0.83%,0.83%,0,0,,,0.00%
"PARAPLUIE DROIT","Accessoires",0,125,125,0.2635629494,0,1,1,,0.80%,0.80%,0,0,,,0.00%
"AUTRES CARTES DE TRANSPORT","Cartes et documents",3,136,139,0.2930819997,1,0,1,33.33%,0.00%,0.72%,0,0,,0.00%,0.00%
"CASQUETTE","Accessoires",0,154,154,0.3247095536,0,1,1,,0.65%,0.65%,0,0,,,0.00%
"PULL / GILET","Vêtements",0,487,487,1.0268412508,0,3,3,,0.62%,0.62%,0,0,,,0.00%
"ÉCHARPE / FOULARD / CHÂLE","Accessoires",0,527,527,1.1111813946,0,3,3,,0.57%,0.57%,0,0,,,0.00%
"PARAPLUIE PLIANT","Accessoires",1,415,416,0.8771374955,0,1,1,0.00%,0.24%,0.24%,0,0,,0.00%,0.00%
"AGENDA ÉLECTRONIQUE","High Tech, vidéo, musique",0,1,1,0.0021085036,0,0,0,,0.00%,0.00%,0,0,,,0.00%
"ALBUM / PRESS - BOOK","Autres",0,4,4,0.0084340144,0,0,0,,0.00%,0.00%,0,0,,,0.00%
"ARMES","Autres",0,2,2,0.0042170072,0,0,0,,0.00%,0.00%,0,0,,,0.00%
"AUMONIERE","Sacs",0,1,1,0.0021085036,0,0,0,,0.00%,0.00%,0,0,,,0.00%
"AUTRE BIJOU","Accessoires",0,19,19,0.0400615683,0,0,0,,0.00%,0.00%,0,0,,,0.00%
"AUTRES  JOUET","Autres",0,37,37,0.078014633,0,0,0,,0.00%,0.00%,0,0,,,0.00%
"AUTRES  MONTRE","Accessoires",0,1,1,0.0021085036,0,0,0,,0.00%,0.00%,0,0,,,0.00%
"AUTRES  OPTIQUE","Accessoires",0,2,2,0.0042170072,0,0,0,,0.00%,0.00%,0,0,,,0.00%
"AUTRES  PUÉRICULTURE","Autres",1,9,10,0.0210850359,0,0,0,0.00%,0.00%,0.00%,0,0,,0.00%,0.00%
"AUTRES ACCESSOIRES  PHOTO","Autres",1,8,9,0.0189765324,0,0,0,0.00%,0.00%,0.00%,0,0,,0.00%,0.00%
"AUTRES ACCESSOIRES INFORMATIQUES","High Tech, vidéo, musique",0,41,41,0.0864486474,0,0,0,,0.00%,0.00%,0,0,,,0.00%
"AUTRES ACCESSOIRES OPTIQUES","Accessoires",0,2,2,0.0042170072,0,0,0,,0.00%,0.00%,0,0,,,0.00%
"AUTRES ACCESSOIRES TELEPHONIE","High Tech, vidéo, musique",1,46,47,0.099099669,0,0,0,0.00%,0.00%,0.00%,0,0,,0.00%,0.00%
"AUTRES ACCESSOIRES VESTIMENTAIRES","Accessoires",0,36,36,0.0759061294,0,0,0,,0.00%,0.00%,0,0,,,0.00%
"AUTRES ACCESSOIRES VIDEOS","High Tech, vidéo, musique",0,5,5,0.010542518,0,0,0,,0.00%,0.00%,0,0,,,0.00%
"AUTRES AUDIO","High Tech, vidéo, musique",0,22,22,0.0463870791,0,0,0,,0.00%,0.00%,0,0,,,0.00%
"AUTRES BIJOU DE COU","Accessoires",0,2,2,0.0042170072,0,0,0,,0.00%,0.00%,0,0,,,0.00%
"AUTRES BIJOU DE MAIN","Accessoires",0,2,2,0.0042170072,0,0,0,,0.00%,0.00%,0,0,,,0.00%
"AUTRES COUVRE-CHEF","Accessoires",0,24,24,0.0506040863,0,0,0,,0.00%,0.00%,0,0,,,0.00%
"AUTRES DEVISE","Portefeuilles et clés",0,2,2,0.0042170072,0,0,0,,0.00%,0.00%,0,0,,,0.00%
"AUTRES LINGE DE MAISON","Autres",0,6,6,0.0126510216,0,0,0,,0.00%,0.00%,0,0,,,0.00%
"AUTRES MANTEAU","Vêtements",0,28,28,0.0590381007,0,0,0,,0.00%,0.00%,0,0,,,0.00%
"AUTRES PHOTOS","Autres",0,7,7,0.0147595252,0,0,0,,0.00%,0.00%,0,0,,,0.00%
"AUTRES TELEPHONIE","High Tech, vidéo, musique",0,10,10,0.0210850359,0,0,0,,0.00%,0.00%,0,0,,,0.00%
"AUTRES VETEMENT DE SPORT","Vêtements",0,18,18,0.0379530647,0,0,0,,0.00%,0.00%,0,0,,,0.00%
"AUTRES VIDEO","High Tech, vidéo, musique",0,2,2,0.0042170072,0,0,0,,0.00%,0.00%,0,0,,,0.00%
"BALADEUR (CD / CASSETTE)","High Tech, vidéo, musique",0,1,1,0.0021085036,0,0,0,,0.00%,0.00%,0,0,,,0.00%
"BATTERIE","High Tech, vidéo, musique",0,4,4,0.0084340144,0,0,0,,0.00%,0.00%,0,0,,,0.00%
"BD","Autres",1,6,7,0.0147595252,0,0,0,0.00%,0.00%,0.00%,0,0,,0.00%,0.00%
"BERET","Accessoires",0,12,12,0.0253020431,0,0,0,,0.00%,0.00%,0,0,,,0.00%
"BONNET / CAGOULE","Accessoires",0,50,50,0.1054251797,0,0,0,,0.00%,0.00%,0,0,,,0.00%
"BOUCLE D'OREILLE","Accessoires",0,85,85,0.1792228056,0,0,0,,0.00%,0.00%,0,0,,,0.00%
"BOUTON DE MANCHETTE","Accessoires",0,3,3,0.0063255108,0,0,0,,0.00%,0.00%,0,0,,,0.00%
"BROCHE / PIN / MÉDAILLE","Accessoires",0,14,14,0.0295190503,0,0,0,,0.00%,0.00%,0,0,,,0.00%
"CABRIOLET","Accessoires",0,1,1,0.0021085036,0,0,0,,0.00%,0.00%,0,0,,,0.00%
"CAHIER / CAHIER DE TEXTE","Autres",14,14,28,0.0590381007,0,0,0,0.00%,0.00%,0.00%,0,0,,0.00%,0.00%
"CALCULATRICE","Autres",0,7,7,0.0147595252,0,0,0,,0.00%,0.00%,0,0,,,0.00%
"CANNE A PÊCHE","Autres",0,1,1,0.0021085036,0,0,0,,0.00%,0.00%,0,0,,,0.00%
"CARTE AMETHYSTE","Cartes et documents",0,1,1,0.0021085036,0,0,0,,0.00%,0.00%,0,0,,,0.00%
"CARTE EMERAUDE","Cartes et documents",0,1,1,0.0021085036,0,0,0,,0.00%,0.00%,0,0,,,0.00%
"CARTE INTEGRALE","Cartes et documents",0,24,24,0.0506040863,0,0,0,,0.00%,0.00%,0,0,,,0.00%
"CARTE ORANGE","Cartes et documents",0,13,13,0.0274105467,0,0,0,,0.00%,0.00%,0,0,,,0.00%
"CARTOUCHE D'ENCRE / TONER","High Tech, vidéo, musique",0,1,1,0.0021085036,0,0,0,,0.00%,0.00%,0,0,,,0.00%
"CASQUE AUDIO","High Tech, vidéo, musique",0,84,84,0.177114302,0,0,0,,0.00%,0.00%,0,0,,,0.00%
"CASSETTE AUDIO","High Tech, vidéo, musique",0,3,3,0.0063255108,0,0,0,,0.00%,0.00%,0,0,,,0.00%
"CASSETTE VIDÉO","High Tech, vidéo, musique",0,3,3,0.0063255108,0,0,0,,0.00%,0.00%,0,0,,,0.00%
"CHAÎNE","Accessoires",0,38,38,0.0801231366,0,0,0,,0.00%,0.00%,0,0,,,0.00%
"CHARGEUR DE TELEPHONE","High Tech, vidéo, musique",0,8,8,0.0168680288,0,0,0,,0.00%,0.00%,0,0,,,0.00%
"CHEMISE / CHEMISIER","Vêtements",0,21,21,0.0442785755,0,0,0,,0.00%,0.00%,0,0,,,0.00%
"CHEVALIERE","Accessoires",0,6,6,0.0126510216,0,0,0,,0.00%,0.00%,0,0,,,0.00%
"CLAVIER / ECRAN / SOURIS","High Tech, vidéo, musique",0,9,9,0.0189765324,0,0,0,,0.00%,0.00%,0,0,,,0.00%
"CONTRAT DIVERS (TRAVAIL , LOCATION)","Cartes et documents",2,2,4,0.0084340144,0,0,0,0.00%,0.00%,0.00%,0,0,,0.00%,0.00%
"COUFFIN","Autres",0,1,1,0.0021085036,0,0,0,,0.00%,0.00%,0,0,,,0.00%
"COUPE VENT","Vêtements",1,30,31,0.0653636114,0,0,0,0.00%,0.00%,0.00%,0,0,,0.00%,0.00%
"COUVERTURE / COUETTE / DRAP","Autres",0,11,11,0.0231935395,0,0,0,,0.00%,0.00%,0,0,,,0.00%
"DICTIONNAIRE","Autres",0,2,2,0.0042170072,0,0,0,,0.00%,0.00%,0,0,,,0.00%
"DISQUETTE / CD ROM","High Tech, vidéo, musique",0,5,5,0.010542518,0,0,0,,0.00%,0.00%,0,0,,,0.00%
"DVD","High Tech, vidéo, musique",0,10,10,0.0210850359,0,0,0,,0.00%,0.00%,0,0,,,0.00%
"ÉTUI A LUNETTES","Accessoires",1,30,31,0.0653636114,0,0,0,0.00%,0.00%,0.00%,0,0,,0.00%,0.00%
"FACADE D'AUTO RADIO","High Tech, vidéo, musique",0,1,1,0.0021085036,0,0,0,,0.00%,0.00%,0,0,,,0.00%
"FLÛTE","Autres",0,2,2,0.0042170072,0,0,0,,0.00%,0.00%,0,0,,,0.00%
"FOURRURE","Vêtements",0,1,1,0.0021085036,0,0,0,,0.00%,0.00%,0,0,,,0.00%
"GANT","Accessoires",0,27,27,0.0569295971,0,0,0,,0.00%,0.00%,0,0,,,0.00%
"GPS","High Tech, vidéo, musique",1,11,12,0.0253020431,0,0,0,0.00%,0.00%,0.00%,0,0,,0.00%,0.00%
"GUITARE","Autres",0,3,3,0.0063255108,0,0,0,,0.00%,0.00%,0,0,,,0.00%
"HOUSSE DE TELEPHONE","High Tech, vidéo, musique",0,14,14,0.0295190503,0,0,0,,0.00%,0.00%,0,0,,,0.00%
"IMPRIMANTE","High Tech, vidéo, musique",0,3,3,0.0063255108,0,0,0,,0.00%,0.00%,0,0,,,0.00%
"JEUX DE SOCIÉTÉ","Autres",0,2,2,0.0042170072,0,0,0,,0.00%,0.00%,0,0,,,0.00%
"JOGGING / SURVETEMENT","Vêtements",0,15,15,0.0316275539,0,0,0,,0.00%,0.00%,0,0,,,0.00%
"JUMELLES","Autres",0,2,2,0.0042170072,0,0,0,,0.00%,0.00%,0,0,,,0.00%
"JUPE / ROBE","Vêtements",0,16,16,0.0337360575,0,0,0,,0.00%,0.00%,0,0,,,0.00%
"LENTILLES DE CONTACT","Autres",0,1,1,0.0021085036,0,0,0,,0.00%,0.00%,0,0,,,0.00%
"LIVRET D'ÉPARGNE","Cartes et documents",1,8,9,0.0189765324,0,0,0,0.00%,0.00%,0.00%,0,0,,0.00%,0.00%
"MONTRE A GOUSSET","Accessoires",0,2,2,0.0042170072,0,0,0,,0.00%,0.00%,0,0,,,0.00%
"OBJET DE CULTE","Autres",1,31,32,0.067472115,0,0,0,0.00%,0.00%,0.00%,0,0,,0.00%,0.00%
"OMBRELLE / PARASOL","Accessoires",0,1,1,0.0021085036,0,0,0,,0.00%,0.00%,0,0,,,0.00%
"OREILLER / COUSSIN","Autres",0,5,5,0.010542518,0,0,0,,0.00%,0.00%,0,0,,,0.00%
"OUTILLAGE","Autres",0,24,24,0.0506040863,0,0,0,,0.00%,0.00%,0,0,,,0.00%
"PANTALON / SHORT","Vêtements",0,18,18,0.0379530647,0,0,0,,0.00%,0.00%,0,0,,,0.00%
"PARFUM","Autres",0,2,2,0.0042170072,0,0,0,,0.00%,0.00%,0,0,,,0.00%
"PELLICULE PHOTO / NÉGATIF/C.MEM","Autres",0,7,7,0.0147595252,0,0,0,,0.00%,0.00%,0,0,,,0.00%
"PENDENTIF","Accessoires",0,19,19,0.0400615683,0,0,0,,0.00%,0.00%,0,0,,,0.00%
"PENDULE / HORLOGE / RÉVEIL","Autres",0,3,3,0.0063255108,0,0,0,,0.00%,0.00%,0,0,,,0.00%
"PIÈCE","Portefeuilles et clés",0,8,8,0.0168680288,0,0,0,,0.00%,0.00%,0,0,,,0.00%
"PIÈCE DE COLLECTION","Portefeuilles et clés",0,1,1,0.0021085036,0,0,0,,0.00%,0.00%,0,0,,,0.00%
"PLAN","Autres",1,1,2,0.0042170072,0,0,0,0.00%,0.00%,0.00%,0,0,,0.00%,0.00%
"POSTE RADIO","High Tech, vidéo, musique",0,3,3,0.0063255108,0,0,0,,0.00%,0.00%,0,0,,,0.00%
"ROBOT / PERSONNAGE","Autres",0,3,3,0.0063255108,0,0,0,,0.00%,0.00%,0,0,,,0.00%
"SAC A LANGER","Sacs",0,4,4,0.0084340144,0,0,0,,0.00%,0.00%,0,0,,,0.00%
"SAC DE COUCHAGE","Sacs",0,11,11,0.0231935395,0,0,0,,0.00%,0.00%,0,0,,,0.00%
"SERRE-TÊTE / BANDEAU (CHEVEUX) / BARETTE","Accessoires",0,3,3,0.0063255108,0,0,0,,0.00%,0.00%,0,0,,,0.00%
"SERVIETTE DE BAIN / TAPIS DE BAIN","Autres",0,1,1,0.0021085036,0,0,0,,0.00%,0.00%,0,0,,,0.00%
"SIÈGE AUTO","Autres",0,2,2,0.0042170072,0,0,0,,0.00%,0.00%,0,0,,,0.00%
"SOUS-VÊTEMENT / LINGERIE / CHAUSSETTE","Vêtements",0,3,3,0.0063255108,0,0,0,,0.00%,0.00%,0,0,,,0.00%
"STYLO A BILLE / PLUME","Autres",0,8,8,0.0168680288,0,0,0,,0.00%,0.00%,0,0,,,0.00%
"T-SHIRT / POLO","Vêtements",0,41,41,0.0864486474,0,0,0,,0.00%,0.00%,0,0,,,0.00%
"TALKIE-WALKIE","High Tech, vidéo, musique",0,5,5,0.010542518,0,0,0,,0.00%,0.00%,0,0,,,0.00%
"TELECOMMANDE","High Tech, vidéo, musique",0,2,2,0.0042170072,0,0,0,,0.00%,0.00%,0,0,,,0.00%
"TÉLÉPHONE FIXE","High Tech, vidéo, musique",0,11,11,0.0231935395,0,0,0,,0.00%,0.00%,0,0,,,0.00%
"TÉLÉVISEUR","High Tech, vidéo, musique",0,1,1,0.0021085036,0,0,0,,0.00%,0.00%,0,0,,,0.00%
"TOP CASE (MOTO)","Autres",0,2,2,0.0042170072,0,0,0,,0.00%,0.00%,0,0,,,0.00%
"TREPIED","Autres",0,2,2,0.0042170072,0,0,0,,0.00%,0.00%,0,0,,,0.00%
"TREPIED VIDEO","High Tech, vidéo, musique",0,6,6,0.0126510216,0,0,0,,0.00%,0.00%,0,0,,,0.00%
"VÉLO","Autres",0,1,1,0.0021085036,0,0,0,,0.00%,0.00%,0,0,,,0.00%
"VIOLON","Autres",0,1,1,0.0021085036,0,0,0,,0.00%,0.00%,0,0,,,0.00%
"Total",,16906,30521,47427,100,8117,1711,9828,48.01%,5.61%,20.72%,1,1,0,0.01%,0.00%
